{"last_tab":"","primary_color":"","secondary_color":"","third_color":"","dark_color":"","link_color":{"regular":"","hover":"","active":""},"gradient_color":{"from":"","to":""},"body_text_color":"","heading_text_color":"","favicon":{"url":"https:\/\/demo.casethemes.net\/seon\/wp-content\/uploads\/2023\/11\/logo-1.png","id":"45","height":"70","width":"70","thumbnail":"https:\/\/demo.casethemes.net\/seon\/wp-content\/uploads\/2023\/11\/logo-1.png"},"mouse_move_animation":"0","site_loader":"1","cookie_policy":"hide","cookie_policy_description":"","cookie_policy_description_typo":{"font-family":"","font-options":"","google":"1","font-weight":"","font-style":"","subsets":"","font-size":"","line-height":""},"cookie_policy_btntext":"","cookie_policy_link":"","subscribe":"hide","popup_effect":"fade","smooth_scroll":"off","header_layout":"74","header_layout_sticky":"107","sticky_scroll":"pxl-sticky-stt","mobile_display":"show","opt_mobile_style":"light","logo_m":{"url":"https:\/\/demo.casethemes.net\/seon\/wp-content\/themes\/seon\/assets\/img\/logo.png","id":"","height":"","width":"","thumbnail":""},"logo_height":{"height":"","units":"px"},"search_mobile":"1","search_placeholder_mobile":"","pt_mode":"bd","ptitle_layout":"119","ptitle_scroll_opacity":"","footer_layout":"130","back_totop_on":"1","footer_fixed":"off","blog_sidebar_pos":"right","archive_date":"1","archive_author":"1","archive_comment":"1","archive_readmore":"1","featured_img_size":"","archive_excerpt_length":"","archive_readmore_text":"Read more","post_sidebar_pos":"right","sg_post_title":"custom_text","sg_post_title_text":"Blog Details","post_date":"1","post_author":"1","post_comment":"1","post_tag":"1","post_author_info":"1","post_social_share":"1","social_facebook":"1","social_twitter":"1","social_pinterest":"1","social_linkedin":"1","shop_sidebar_pos":"right","shop_featured_img_size":"449x602","products_columns":"4","product_per_page":"12","single_img_size":{"width":"600px","height":"600px","units":"px"},"sg_product_ptitle":"default","sg_product_ptitle_text":"Shop Details","product_title":"1","product_social_share":"1","pxl_body_typography":"default-font","font_body":{"font-family":"","font-options":"","google":"1","font-weight":"","font-style":"","subsets":"","font-size":"","line-height":"","color":""},"pxl_heading_typography":"default-font","font_heading":{"font-family":"","font-options":"","google":"1","font-weight":"","font-style":"","subsets":"","color":""},"theme_default":{"font-family":"","font-options":"","google":"1","subsets":""},"portfolio_display":"1","sg_portfolio_title":"default","sg_portfolio_title_text":"Single Portfolio","portfolio_slug":"","portfolio_name":"","archive_portfolio_link":"","service_display":"1","sg_service_title":"default","sg_service_title_text":"Single Service","service_slug":"","service_name":"","archive_service_link":"","header_mobile_layout":""}